.id,source_rack,source_well,oligo_id,gene_symbol,gene_id,gene_accession,gi_number,sequence,source_pos,source_col,source_row,source_row2,dest_pos,dest_col,dest_row,dest_well
LP_48199 G-CUSTOM-366598.csv,Plate 1,A02,D-009329-01,ACAA1,30,NM_001607,6598316,GAGAUUGCCUGAUUCCUAU,9,2,1,A,84,6,4,D6
LP_48199 G-CUSTOM-366598.csv,Plate 1,B02,D-003477-18,CREBBP,1387,NM_001079846,119943101,UCACAGAGAUCCAGGGCGA,10,2,2,B,72,5,8,H5
LP_48199 G-CUSTOM-366598.csv,Plate 1,C02,D-011653-01,EYA3,2140,NM_001990,26667242,GAUUAUACCUCACAAAUGU,11,2,3,C,340,22,4,D22
LP_48199 G-CUSTOM-366598.csv,Plate 1,D02,D-007452-01,SLC22A18,5002,NM_002555,34734074,CGAGGAUCUUCCUGGUGAA,12,2,4,D,225,15,1,A15
LP_48199 G-CUSTOM-366598.csv,Plate 1,E02,D-003322-05,RPA3,6119,NM_002947,52851430,GGAAGUGGUUGGAAGAGUA,13,2,5,E,89,6,9,I6
LP_48199 G-CUSTOM-366598.csv,Plate 1,F02,D-003548-01,TP53BP1,7158,NM_005657,5032188,GAGAGCAGAUGAUCCUUUA,14,2,6,F,66,5,2,B5
LP_48199 G-CUSTOM-366598.csv,Plate 1,G02,D-011490-01,HAT1,8520,NM_001033085,74319830,GCACAAACACGAAUGAUUU,15,2,7,G,87,6,7,G6
LP_48199 G-CUSTOM-366598.csv,Plate 1,H02,D-011967-02,NUP155,9631,NM_004298,24430147,CAACUCAGGCCACAAAUAU,16,2,8,H,221,14,13,M14
LP_48199 G-CUSTOM-366598.csv,Plate 1,A03,D-009329-02,ACAA1,30,NM_001607,6598316,GGGAUAACCUCUGAGAAUG,17,3,1,A,254,16,14,N16
LP_48199 G-CUSTOM-366598.csv,Plate 1,B03,D-003477-19,CREBBP,1387,NM_001079846,119943101,GCGAAUGACAGCACAGAUU,18,3,2,B,127,8,15,O8
LP_48199 G-CUSTOM-366598.csv,Plate 1,C03,D-011653-02,EYA3,2140,NM_001990,26667242,GAUCCUAUGCCCAGAAAUA,19,3,3,C,30,2,14,N2
LP_48199 G-CUSTOM-366598.csv,Plate 1,D03,D-007452-02,SLC22A18,5002,NM_002555,34734074,GGAAACUGGGCCUGGAUUC,20,3,4,D,44,3,12,L3
LP_48199 G-CUSTOM-366598.csv,Plate 1,E03,D-003322-06,RPA3,6119,NM_002947,52851430,GAAGAUAGCCAUCCUUUUG,21,3,5,E,168,11,8,H11
LP_48199 G-CUSTOM-366598.csv,Plate 1,F03,D-003548-02,TP53BP1,7158,NM_005657,5032188,GGACAAGUCUCUCAGCUAU,22,3,6,F,286,18,14,N18
LP_48199 G-CUSTOM-366598.csv,Plate 1,G03,D-011490-02,HAT1,8520,NM_001033085,74319830,GAAGAUUACCGGCGUGUUA,23,3,7,G,5,1,5,E1
LP_48199 G-CUSTOM-366598.csv,Plate 1,H03,D-020767-01,NUP93,9688,NM_014669,41281436,GGUCGAAGCUCUCUGGAUA,24,3,8,H,69,5,5,E5
LP_48199 G-CUSTOM-366598.csv,Plate 1,A04,D-011971-01,ARRB1,408,NM_020251,58219794,GAACUGCCCUUCACCCUAA,25,4,1,A,132,9,4,D9
LP_48199 G-CUSTOM-366598.csv,Plate 1,B04,D-008609-01,CTBP1,1487,NM_001328,61743965,CCGUCAAGCAGAUGAGACA,26,4,2,B,101,7,5,E7
LP_48199 G-CUSTOM-366598.csv,Plate 1,C04,D-011287-01,GLE1,2733,NM_001499,51317381,GCACACAGAAUCUAUGGUA,27,4,3,C,283,18,11,K18
LP_48199 G-CUSTOM-366598.csv,Plate 1,D04,D-003289-05,PCNA,5111,NM_002592,33239449,GAUCGAGGAUGAAGAAGGA,28,4,4,D,17,2,1,A2
LP_48199 G-CUSTOM-366598.csv,Plate 1,E04,D-012351-01,SEC13,6396,NM_183352,34335133,CAACAACGCUCACACCAUU,29,4,5,E,252,16,12,L16
LP_48199 G-CUSTOM-366598.csv,Plate 1,F04,D-008850-01,UBE2E1,7324,NM_003341,33359692,GCGAUAACAUCUAUGAAUG,30,4,6,F,73,5,9,I5
LP_48199 G-CUSTOM-366598.csv,Plate 1,G04,D-011555-01,MBD2,8932,NM_015832,48255922,GAAAGAUGAUGCCUAGUAA,31,4,7,G,76,5,12,L5
LP_48199 G-CUSTOM-366598.csv,Plate 1,H04,D-020767-02,NUP93,9688,NM_014669,41281436,GUAUAGGGCUCAAGGAAUA,32,4,8,H,38,3,6,F3
LP_48199 G-CUSTOM-366598.csv,Plate 1,A05,D-011971-02,ARRB1,408,NM_020251,58219794,UGGAUAAGGAGAUCUAUUA,33,5,1,A,83,6,3,C6
LP_48199 G-CUSTOM-366598.csv,Plate 1,B05,D-008609-05,CTBP1,1487,NM_001328,61743965,GGAUAGAGACCACGCCAGU,34,5,2,B,54,4,6,F4
LP_48199 G-CUSTOM-366598.csv,Plate 1,C05,D-011287-02,GLE1,2733,NM_001499,51317381,GAUUCACCCUCAUGGCUUA,35,5,3,C,222,14,14,N14
LP_48199 G-CUSTOM-366598.csv,Plate 1,D05,D-003289-07,PCNA,5111,NM_002592,33239449,GCCGAGAUCUCAGCCAUAU,36,5,4,D,103,7,7,G7
LP_48199 G-CUSTOM-366598.csv,Plate 1,E05,D-012351-02,SEC13,6396,NM_183352,34335133,CAUGUGAGCUGGUCCAUCA,37,5,5,E,34,3,2,B3
LP_48199 G-CUSTOM-366598.csv,Plate 1,F05,D-008850-02,UBE2E1,7324,NM_003341,33359692,GGUGUAUUCUUUCUCGAUA,38,5,6,F,212,14,4,D14
LP_48199 G-CUSTOM-366598.csv,Plate 1,G05,D-011555-02,MBD2,8932,NM_015832,48255922,GAAACGAUCCUCUCAAUCA,39,5,7,G,193,13,1,A13
LP_48199 G-CUSTOM-366598.csv,Plate 1,H05,D-009670-01,KMT2B,9757,NM_014727,7662045,UAAGGAGGAUUGUGAUUUA,40,5,8,H,315,20,11,K20
LP_48199 G-CUSTOM-366598.csv,Plate 1,A06,D-005230-01,BMI1,648,NM_005180,39725706,GAACAGAUUGGAUCGGAAA,41,6,1,A,300,19,12,L19
LP_48199 G-CUSTOM-366598.csv,Plate 1,B06,D-012890-01,DDB1,1642,NM_001923,148529013,GACAAGAGUUCUCAUGUUA,42,6,2,B,40,3,8,H3
LP_48199 G-CUSTOM-366598.csv,Plate 1,C06,D-004033-01,PRMT2,3275,NM_001535,4504494,GAACGGCUUUGCUGACAUC,43,6,3,C,157,10,13,M10
LP_48199 G-CUSTOM-366598.csv,Plate 1,D06,D-012912-01,PHF2,5253,NM_005392,117190341,GCAAGCGCCUGACGUCAAG,44,6,4,D,209,14,1,A14
LP_48199 G-CUSTOM-366598.csv,Plate 1,E06,D-008312-01,SMARCC2,6601,NM_003075,21237804,GAUCAAAUGUUUCCUAGAU,45,6,5,E,275,18,3,C18
LP_48199 G-CUSTOM-366598.csv,Plate 1,F06,D-004683-02,VRK1,7443,NM_003384,71164882,CAAGGAACCUGGUGUUGAA,46,6,6,F,135,9,7,G9
LP_48199 G-CUSTOM-366598.csv,Plate 1,G06,D-019836-01,PRPF3,9129,NM_004698,4758555,GGCCGAAGCUCUAGGCAUU,47,6,7,G,50,4,2,B4
LP_48199 G-CUSTOM-366598.csv,Plate 1,H06,D-009670-02,KMT2B,9757,NM_014727,7662045,GAAGAAAGAAGAAGAAGAA,48,6,8,H,285,18,13,M18
LP_48199 G-CUSTOM-366598.csv,Plate 1,A07,D-005230-02,BMI1,648,NM_005180,39725706,GAGAUGGACUGACAAAUGC,49,7,1,A,199,13,7,G13
LP_48199 G-CUSTOM-366598.csv,Plate 1,B07,D-012890-02,DDB1,1642,NM_001923,148529013,GCAAGGACCUGCUGUUUAU,50,7,2,B,318,20,14,N20
LP_48199 G-CUSTOM-366598.csv,Plate 1,C07,D-004033-02,PRMT2,3275,NM_001535,4504494,ACAAACCACUGCAGAUUGG,51,7,3,C,123,8,11,K8
LP_48199 G-CUSTOM-366598.csv,Plate 1,D07,D-012912-02,PHF2,5253,NM_005392,117190341,AGGAGUUUGUGGACUAUUA,52,7,4,D,284,18,12,L18
LP_48199 G-CUSTOM-366598.csv,Plate 1,E07,D-008312-02,SMARCC2,6601,NM_003075,21237804,CCAAGACACUGACAGAUGA,53,7,5,E,220,14,12,L14
LP_48199 G-CUSTOM-366598.csv,Plate 1,F07,D-004683-03,VRK1,7443,NM_003384,71164882,GGAAUGGAAAGUAGGAUUA,54,7,6,F,184,12,8,H12
LP_48199 G-CUSTOM-366598.csv,Plate 1,G07,D-019836-02,PRPF3,9129,NM_004698,4758555,GGACAAAGGCUCAACUGGA,55,7,7,G,95,6,15,O6
LP_48199 G-CUSTOM-366598.csv,Plate 1,H07,D-013864-02,NUP58,9818,NM_001008565,56788378,GAAUCUUGGUUCAGCAAUU,56,7,8,H,226,15,2,B15
LP_48199 G-CUSTOM-366598.csv,Plate 1,A08,D-004938-02,BRDT,676,NM_001726,46399197,CAAAUCAACUUCAGUAUCU,57,8,1,A,145,10,1,A10
LP_48199 G-CUSTOM-366598.csv,Plate 1,B08,D-006672-19,DNMT3A,1788,NM_022552,28559066,GCAUUCAGGUGGACCGCUA,58,8,2,B,75,5,11,K5
LP_48199 G-CUSTOM-366598.csv,Plate 1,C08,D-008009-03,ITGAX,3687,NM_000887,34452172,GUACAAAGUUGGCUUCUUC,59,8,3,C,322,21,2,B21
LP_48199 G-CUSTOM-366598.csv,Plate 1,D08,D-011187-01,POLR2B,5431,NM_000938,4505940,GGAACGAGAUUGUCAGAUU,60,8,4,D,137,9,9,I9
LP_48199 G-CUSTOM-366598.csv,Plate 1,E08,D-017768-01,STX5,6811,NM_003164,94400931,GCAAGUCCCUCUUUGAUGA,61,8,5,E,161,11,1,A11
LP_48199 G-CUSTOM-366598.csv,Plate 1,F08,D-003030-05,XPO1,7514,NM_003400,53759152,GAAAGUCUCUGUCAAAAUA,62,8,6,F,298,19,10,J19
LP_48199 G-CUSTOM-366598.csv,Plate 1,G08,D-014368-02,CHD1L,9557,NM_004284,148612869,GAAGACAGAAGUAGUGAUA,63,8,7,G,146,10,2,B10
LP_48199 G-CUSTOM-366598.csv,Plate 1,H08,D-013864-03,NUP58,9818,NM_001008565,56788378,CAGAACACACCCAGAGUUA,64,8,8,H,185,12,9,I12
LP_48199 G-CUSTOM-366598.csv,Plate 1,A09,D-004938-03,BRDT,676,NM_001726,46399197,GAAAAUGGAUAACCAAGAA,65,9,1,A,219,14,11,K14
LP_48199 G-CUSTOM-366598.csv,Plate 1,B09,D-006672-20,DNMT3A,1788,NM_022552,28559066,GCACUGAAAUGGAAAGGGU,66,9,2,B,210,14,2,B14
LP_48199 G-CUSTOM-366598.csv,Plate 1,C09,D-008009-05,ITGAX,3687,NM_000887,34452172,GUUCAUACCUGCCGAGAUC,67,9,3,C,126,8,14,N8
LP_48199 G-CUSTOM-366598.csv,Plate 1,D09,D-011187-02,POLR2B,5431,NM_000938,4505940,UGGAGUAUCUCAGGUGUUA,68,9,4,D,147,10,3,C10
LP_48199 G-CUSTOM-366598.csv,Plate 1,E09,D-017768-02,STX5,6811,NM_003164,94400931,GAGCUAACAUAUAUCAUCA,69,9,5,E,334,21,14,N21
LP_48199 G-CUSTOM-366598.csv,Plate 1,F09,D-003030-06,XPO1,7514,NM_003400,53759152,GCAAUAGGCUCCAUUAGUG,70,9,6,F,70,5,6,F5
LP_48199 G-CUSTOM-366598.csv,Plate 1,G09,D-014368-03,CHD1L,9557,NM_004284,148612869,UAUAUGAGCUGGCUGGGAA,71,9,7,G,156,10,12,L10
LP_48199 G-CUSTOM-366598.csv,Plate 1,H09,D-021210-02,SUPT7L,9913,NM_014860,7662291,GCGAACGCUUCCCAUCUAA,72,9,8,H,102,7,6,F7
LP_48199 G-CUSTOM-366598.csv,Plate 1,A10,D-004101-01,BUB1B,701,NM_001211,59814246,GGAAGAAGAUCUAGAUGUA,73,10,1,A,223,14,15,O14
LP_48199 G-CUSTOM-366598.csv,Plate 1,B10,D-006395-01,DNMT3B,1789,NM_006892,28559059,GAAAGUACGUCGCUUCUGA,74,10,2,B,233,15,9,I15
LP_48199 G-CUSTOM-366598.csv,Plate 1,C10,D-003276-05,MCM5,4174,NM_006739,143770796,GAAGAUCCCUGGCAUCAUC,75,10,3,C,77,5,13,M5
LP_48199 G-CUSTOM-366598.csv,Plate 1,D10,D-004935-01,BRD2,6046,NM_001113182,164419757,AGAAAGGGCUCAUCGCUUA,76,10,4,D,31,2,15,O2
LP_48199 G-CUSTOM-366598.csv,Plate 1,E10,D-003780-05,TDG,6996,NM_003211,59853161,GGAAGUAUGGUAUUGGAUU,77,10,5,E,183,12,7,G12
LP_48199 G-CUSTOM-366598.csv,Plate 1,F10,D-019827-01,MLLT10,8028,NM_001009569,57546898,GUAACCAACUGGCAAUUAA,78,10,6,F,249,16,9,I16
LP_48199 G-CUSTOM-366598.csv,Plate 1,G10,D-011967-01,NUP155,9631,NM_004298,24430147,GGACUCAGCUAUGCUAAUU,79,10,7,G,133,9,5,E9
LP_48199 G-CUSTOM-366598.csv,Plate 1,H10,D-021210-03,SUPT7L,9913,NM_014860,7662291,CGACGUCUUCGCAACCUUA,80,10,8,H,304,19,16,P19
LP_48199 G-CUSTOM-366598.csv,Plate 1,A11,D-004101-02,BUB1B,701,NM_001211,59814246,CAAGAUGGCUGUAUUGUUU,81,11,1,A,36,3,4,D3
LP_48199 G-CUSTOM-366598.csv,Plate 1,B11,D-006395-04,DNMT3B,1789,NM_006892,28559059,ACAAAUGGCUUCAGAUGUU,82,11,2,B,117,8,5,E8
LP_48199 G-CUSTOM-366598.csv,Plate 1,C11,D-003276-06,MCM5,4174,NM_006739,143770796,GAACAGGGUUACCAUCAUG,83,11,3,C,244,16,4,D16
LP_48199 G-CUSTOM-366598.csv,Plate 1,D11,D-004935-02,BRD2,6046,NM_001113182,164419757,GAAAAGAUAUUCCUACAGA,84,11,4,D,93,6,13,M6
LP_48199 G-CUSTOM-366598.csv,Plate 1,E11,D-003780-06,TDG,6996,NM_003211,59853161,AGGAGGACGUAUUCUAGUA,85,11,5,E,330,21,10,J21
LP_48199 G-CUSTOM-366598.csv,Plate 1,F11,D-019827-02,MLLT10,8028,NM_001009569,57546898,GGCAAUAGAUCAAAUUCAU,86,11,6,F,13,1,13,M1
LP_48199 G-CUSTOM-366598.csv,Plate 1,G11,D-001210-01,siNEG,0,,0,UAGCGACUAAACACAUCAA,87,11,7,G,57,4,9,I4
LP_48199 G-CUSTOM-366598.csv,Plate 1,H11,D-001210-02,siNEG,0,,0,UAAGGCUAUGAAGAGAUAC,88,11,8,H,224,14,16,P14
LP_48199 G-CUSTOM-366598.csv,Plate 2,A02,D-021198-01,NCAPD2,9918,NM_014865,7661953,GAACUGUUAUGCUCUGAUA,9,2,1,A,63,4,15,O4
LP_48199 G-CUSTOM-366598.csv,Plate 2,B02,D-017508-01,TADA3,10474,NM_006354,19743892,UGACCGAACUGGACACUAA,10,2,2,B,311,20,7,G20
LP_48199 G-CUSTOM-366598.csv,Plate 2,C02,D-007499-03,SLC27A3,11000,NM_024330,13236578,GCAGGAAACCUUCGAAUCU,11,2,3,C,335,21,15,O21
LP_48199 G-CUSTOM-366598.csv,Plate 2,D02,D-014039-01,SYNE1,23345,NM_033071,330688419,GAAAUUGUCCCUAUUGAUU,12,2,4,D,282,18,10,J18
LP_48199 G-CUSTOM-366598.csv,Plate 2,E02,D-015461-01,SMC1B,27127,NM_148674,71565159,GAACGACAACGAAGAAUUA,13,2,5,E,107,7,11,K7
LP_48199 G-CUSTOM-366598.csv,Plate 2,F02,D-017570-01,NUP54,53371,NM_017426,26051236,GCAGAUCUGUUACGAGAAA,14,2,6,F,297,19,9,I19
LP_48199 G-CUSTOM-366598.csv,Plate 2,G02,D-010580-02,KMT2E,55904,NM_018682,91199542,CUACACAACUCAAUUCUUU,15,2,7,G,323,21,3,C21
LP_48199 G-CUSTOM-366598.csv,Plate 2,H02,D-010722-20,ERGIC1,57222,NM_001031711,72534711,GAACAUCAGUUUACCCAAU,16,2,8,H,272,17,16,P17
LP_48199 G-CUSTOM-366598.csv,Plate 2,A03,D-021198-02,NCAPD2,9918,NM_014865,7661953,GAAGGAGACCCAGAAAUUA,17,3,1,A,167,11,7,G11
LP_48199 G-CUSTOM-366598.csv,Plate 2,B03,D-017508-02,TADA3,10474,NM_006354,19743892,UAAGAAAGGUGACAGACGA,18,3,2,B,229,15,5,E15
LP_48199 G-CUSTOM-366598.csv,Plate 2,C03,D-007499-04,SLC27A3,11000,NM_024330,13236578,ACACGUGCCUGUACAUCUU,19,3,3,C,99,7,3,C7
LP_48199 G-CUSTOM-366598.csv,Plate 2,D03,D-014039-02,SYNE1,23345,NM_033071,330688419,GCAAAGCCCUGGAUGAUAG,20,3,4,D,118,8,6,F8
LP_48199 G-CUSTOM-366598.csv,Plate 2,E03,D-015461-02,SMC1B,27127,NM_148674,71565159,UAACAUAGGCAAAGUGUCA,21,3,5,E,290,19,2,B19
LP_48199 G-CUSTOM-366598.csv,Plate 2,F03,D-017570-03,NUP54,53371,NM_017426,26051236,GGUCGAACAUGGAUUGAAU,22,3,6,F,265,17,9,I17
LP_48199 G-CUSTOM-366598.csv,Plate 2,G03,D-010580-03,KMT2E,55904,NM_018682,91199542,CAAAGAAGCACUUGGUUAA,23,3,7,G,151,10,7,G10
LP_48199 G-CUSTOM-366598.csv,Plate 2,H03,D-022665-02,MTA3,57504,NM_020744,50878291,GCAGAAACAUCAGUUGAAA,24,3,8,H,259,17,3,C17
LP_48199 G-CUSTOM-366598.csv,Plate 2,A04,D-019938-01,CHAF1A,10036,NM_005483,50513244,GAAAGGAGCAGGACAGUUG,25,4,1,A,170,11,10,J11
LP_48199 G-CUSTOM-366598.csv,Plate 2,B04,D-017191-01,SLU7,10569,NM_006425,119393888,CGAAAGAGCAGUUCAGAUA,26,4,2,B,86,6,6,F6
LP_48199 G-CUSTOM-366598.csv,Plate 2,C04,D-013383-01,WDR5,11091,NM_052821,61744460,GAGAGUGGCUGGCAAGUUC,27,4,3,C,4,1,4,D1
LP_48199 G-CUSTOM-366598.csv,Plate 2,D04,D-012445-01,SIRT4,23409,NM_012240,6912661,GAUCAUCCUUGCAGGUAUA,28,4,4,D,79,5,15,O5
LP_48199 G-CUSTOM-366598.csv,Plate 2,E04,D-017035-02,ORMDL2,29095,NM_014182,119943094,UAAGUGUACUGCUGCCGAA,29,4,5,E,264,17,8,H17
LP_48199 G-CUSTOM-366598.csv,Plate 2,F04,D-020519-01,FAM105A,54491,NM_019018,9506640,GUAAUUGGAUUCAGCAGUA,30,4,6,F,12,1,12,L1
LP_48199 G-CUSTOM-366598.csv,Plate 2,G04,D-005382-01,STK31,56164,NM_031414,14602442,GCAUAAGGCUGACAUAAUU,31,4,7,G,247,16,7,G16
LP_48199 G-CUSTOM-366598.csv,Plate 2,H04,D-022665-03,MTA3,57504,NM_020744,50878291,UGACUAGCAUCAUUGAAUA,32,4,8,H,97,7,1,A7
LP_48199 G-CUSTOM-366598.csv,Plate 2,A05,D-019938-04,CHAF1A,10036,NM_005483,50513244,ACACGAAGCUCCUGGACUA,33,5,1,A,307,20,3,C20
LP_48199 G-CUSTOM-366598.csv,Plate 2,B05,D-017191-02,SLU7,10569,NM_006425,119393888,GGAAGGAGAUUGUUAACUC,34,5,2,B,116,8,4,D8
LP_48199 G-CUSTOM-366598.csv,Plate 2,C05,D-013383-02,WDR5,11091,NM_052821,61744460,GACGAAAGCGUGAGGAUAU,35,5,3,C,23,2,7,G2
LP_48199 G-CUSTOM-366598.csv,Plate 2,D05,D-012445-02,SIRT4,23409,NM_012240,6912661,GAAACUGAAUUCUCGUUGU,36,5,4,D,163,11,3,C11
LP_48199 G-CUSTOM-366598.csv,Plate 2,E05,D-017035-03,ORMDL2,29095,NM_014182,119943094,GCAAAUGGACUAUGGGCUC,37,5,5,E,215,14,7,G14
LP_48199 G-CUSTOM-366598.csv,Plate 2,F05,D-020519-02,FAM105A,54491,NM_019018,9506640,CGACAAGUAAGGAGAGAUA,38,5,6,F,130,9,2,B9
LP_48199 G-CUSTOM-366598.csv,Plate 2,G05,D-005382-03,STK31,56164,NM_031414,14602442,GAUGAAGGGUGCUUUACUA,39,5,7,G,35,3,3,C3
LP_48199 G-CUSTOM-366598.csv,Plate 2,H05,D-021272-01,EP400,57634,NM_015409,56549695,CCACCUAGCUUGUAACGAA,40,5,8,H,124,8,12,L8
LP_48199 G-CUSTOM-366598.csv,Plate 2,A06,D-006837-01,SMC4,10051,NM_001002800,50658062,GCAAAGAGCUCAUUAGCAA,41,6,1,A,208,13,16,P13
LP_48199 G-CUSTOM-366598.csv,Plate 2,B06,D-012295-01,RAI1,10743,NM_030665,40807476,CAUCACGCCUAGAGAAUUA,42,6,2,B,7,1,7,G1
LP_48199 G-CUSTOM-366598.csv,Plate 2,C06,D-009517-01,SUPT16H,11198,NM_007192,19924176,GAAGAUAUGUGACGUGUAU,43,6,3,C,166,11,6,F11
LP_48199 G-CUSTOM-366598.csv,Plate 2,D06,D-012468-01,NUP62,23636,NM_012346,34335245,GAACAGCGACUCUUGCUUC,44,6,4,D,139,9,11,K9
LP_48199 G-CUSTOM-366598.csv,Plate 2,E06,D-009422-01,ACTL6B,51412,NM_016188,21536352,UGACAGAGCUGAUGUUCGA,45,6,5,E,60,4,12,L4
LP_48199 G-CUSTOM-366598.csv,Plate 2,F06,D-013349-01,PHF10,55274,NM_018288,19747274,GAAUUUGUCUGAAGGGUAA,46,6,6,F,58,4,10,J4
LP_48199 G-CUSTOM-366598.csv,Plate 2,G06,D-013489-02,TDRD1,56165,NM_198795,38505160,GAAUGGGACUGUCGAUGUA,47,6,7,G,176,11,16,P11
LP_48199 G-CUSTOM-366598.csv,Plate 2,H06,D-021272-02,EP400,57634,NM_015409,56549695,CGAAGAAGCUCGUUAGAAC,48,6,8,H,308,20,4,D20
LP_48199 G-CUSTOM-366598.csv,Plate 2,A07,D-006837-02,SMC4,10051,NM_001002800,50658062,UGAGAAAGCUGGUAAAGUA,49,7,1,A,228,15,4,D15
LP_48199 G-CUSTOM-366598.csv,Plate 2,B07,D-012295-02,RAI1,10743,NM_030665,40807476,UCAAGAAGUUCGCAUGUAA,50,7,2,B,53,4,5,E4
LP_48199 G-CUSTOM-366598.csv,Plate 2,C07,D-009517-02,SUPT16H,11198,NM_007192,19924176,GAACAAAGUCGAAGUAUGA,51,7,3,C,125,8,13,M8
LP_48199 G-CUSTOM-366598.csv,Plate 2,D07,D-012468-03,NUP62,23636,NM_012346,34335245,GCACUGGAGGGUUUAAUUU,52,7,4,D,326,21,6,F21
LP_48199 G-CUSTOM-366598.csv,Plate 2,E07,D-009422-02,ACTL6B,51412,NM_016188,21536352,GUACGGGAGUGUCAUUGUC,53,7,5,E,309,20,5,E20
LP_48199 G-CUSTOM-366598.csv,Plate 2,F07,D-013349-02,PHF10,55274,NM_018288,19747274,UCAGUGCACUCUAGGCUUA,54,7,6,F,253,16,13,M16
LP_48199 G-CUSTOM-366598.csv,Plate 2,G07,D-013489-03,TDRD1,56165,NM_198795,38505160,GGGAAUACGGUGCCAGUUA,55,7,7,G,241,16,1,A16
LP_48199 G-CUSTOM-366598.csv,Plate 2,H07,D-026727-17,PHRF1,57661,NM_020901,221139763,AGUAAGAGCUCAGCGACAA,56,7,8,H,64,4,16,P4
LP_48199 G-CUSTOM-366598.csv,Plate 2,A08,D-007542-01,SLC35B1,10237,NM_005827,5032212,CGAAAGUUCUUCACAAUUU,57,8,1,A,92,6,12,L6
LP_48199 G-CUSTOM-366598.csv,Plate 2,B08,D-012755-01,CKAP4,10970,NM_006825,219842270,CCAAAUCCAUCAACGACAA,58,8,2,B,243,16,3,C16
LP_48199 G-CUSTOM-366598.csv,Plate 2,C08,D-010033-17,CBX3,11335,NM_016587,325197147,AGUACUAGAUCGACGUGUA,59,8,3,C,49,4,1,A4
LP_48199 G-CUSTOM-366598.csv,Plate 2,D08,D-006963-01,BRD1,23774,NM_014577,11321641,UGAAGGAGGUACCAGAUUA,60,8,4,D,240,15,16,P15
LP_48199 G-CUSTOM-366598.csv,Plate 2,E08,D-007774-01,SIRT7,51547,NM_016538,7706711,GGAAGUCGCUGUGCAGAAG,61,8,5,E,190,12,14,N12
LP_48199 G-CUSTOM-366598.csv,Plate 2,F08,D-012887-01,WDR11,55717,NM_018117,22547233,GCAAAGACUUAUUGAAUGA,62,8,6,F,230,15,6,F15
LP_48199 G-CUSTOM-366598.csv,Plate 2,G08,D-023237-01,ATXN7L3,56970,NM_001098833,149588533,GUCGAGAGCUCCCUGGAUA,63,8,7,G,152,10,8,H10
LP_48199 G-CUSTOM-366598.csv,Plate 2,H08,D-026727-18,PHRF1,57661,NM_020901,221139763,UUUGAGAGCUUCCGGAUCA,64,8,8,H,250,16,10,J16
LP_48199 G-CUSTOM-366598.csv,Plate 2,A09,D-007542-02,SLC35B1,10237,NM_005827,5032212,UAACUUUGGUCUUCAUUCA,65,9,1,A,32,2,16,P2
LP_48199 G-CUSTOM-366598.csv,Plate 2,B09,D-012755-02,CKAP4,10970,NM_006825,219842270,CCAAGGGUUUACUAGAUGA,66,9,2,B,267,17,11,K17
LP_48199 G-CUSTOM-366598.csv,Plate 2,C09,D-010033-18,CBX3,11335,NM_016587,325197147,UGAAGAAUUUGUCGUGGAA,67,9,3,C,312,20,8,H20
LP_48199 G-CUSTOM-366598.csv,Plate 2,D09,D-006963-02,BRD1,23774,NM_014577,11321641,GUUAGAAGCUCAAGGGUAU,68,9,4,D,2,1,2,B1
LP_48199 G-CUSTOM-366598.csv,Plate 2,E09,D-007774-02,SIRT7,51547,NM_016538,7706711,CCACGCCUCUGGUGCAUGA,69,9,5,E,82,6,2,B6
LP_48199 G-CUSTOM-366598.csv,Plate 2,F09,D-012887-02,WDR11,55717,NM_018117,22547233,GGUAUUGAAUGGACAAGUU,70,9,6,F,8,1,8,H1
LP_48199 G-CUSTOM-366598.csv,Plate 2,G09,D-023237-02,ATXN7L3,56970,NM_001098833,149588533,GGUCGAGGAUUCUUGUUUG,71,9,7,G,327,21,7,G21
LP_48199 G-CUSTOM-366598.csv,Plate 2,H09,D-014346-13,PRDM14,63978,NM_024504,41349468,UAAACAAACACAUGCGAGU,72,9,8,H,331,21,11,K21
LP_48199 G-CUSTOM-366598.csv,Plate 2,A10,D-016257-01,SMNDC1,10285,NM_005871,21361283,CAACAGAGCCUAUUCUAAA,73,10,1,A,333,21,13,M21
LP_48199 G-CUSTOM-366598.csv,Plate 2,B10,D-012501-01,MAPRE2,10982,NM_014268,10346134,GAAUGGCGGUCAAUGUGUA,74,10,2,B,262,17,6,F17
LP_48199 G-CUSTOM-366598.csv,Plate 2,C10,D-010646-01,NUP205,23165,NM_015135,57634533,GAGCAAGGAUUGACUUAUA,75,10,3,C,329,21,9,I21
LP_48199 G-CUSTOM-366598.csv,Plate 2,D10,D-013961-01,AHCTF1,25909,NM_015446,67551264,GCAAUAGGUUGAAUAUAGA,76,10,4,D,302,19,14,N19
LP_48199 G-CUSTOM-366598.csv,Plate 2,E10,D-012967-01,ARID4B,51742,NM_031371,118136293,GUACUUGGAUAUCGAAAUU,77,10,5,E,105,7,9,I7
LP_48199 G-CUSTOM-366598.csv,Plate 2,F10,D-011872-01,HR,55806,NM_018411,70906481,GGACUGGGCUGUGUUCCAA,78,10,6,F,67,5,3,C5
LP_48199 G-CUSTOM-366598.csv,Plate 2,G10,D-010722-05,ERGIC1,57222,NM_001031711,72534711,UGAAGAUCCCGCUGAACAA,79,10,7,G,191,12,15,O12
LP_48199 G-CUSTOM-366598.csv,Plate 2,H10,D-014346-14,PRDM14,63978,NM_024504,41349468,AAUCAUUGGUGGCGACAAC,80,10,8,H,96,6,16,P6
LP_48199 G-CUSTOM-366598.csv,Plate 2,A11,D-016257-02,SMNDC1,10285,NM_005871,21361283,GCAACAAACCCAUGUCAAA,81,11,1,A,211,14,3,C14
LP_48199 G-CUSTOM-366598.csv,Plate 2,B11,D-012501-02,MAPRE2,10982,NM_014268,10346134,GAACGUUGAUAAGGUAAUU,82,11,2,B,19,2,3,C2
LP_48199 G-CUSTOM-366598.csv,Plate 2,C11,D-010646-02,NUP205,23165,NM_015135,57634533,GGAACGAGAUGAUAUGAUU,83,11,3,C,205,13,13,M13
LP_48199 G-CUSTOM-366598.csv,Plate 2,D11,D-013961-02,AHCTF1,25909,NM_015446,67551264,GACAAGCAGCUGCGUAUUA,84,11,4,D,288,18,16,P18
LP_48199 G-CUSTOM-366598.csv,Plate 2,E11,D-012967-02,ARID4B,51742,NM_031371,118136293,GCUCAAGACAUGGAUAAUA,85,11,5,E,94,6,14,N6
LP_48199 G-CUSTOM-366598.csv,Plate 2,F11,D-011872-02,HR,55806,NM_018411,70906481,CCAGAGAACGGCAUCGUGA,86,11,6,F,115,8,3,C8
LP_48199 G-CUSTOM-366598.csv,Plate 2,G11,D-001210-01,siNEG,0,,0,UAGCGACUAAACACAUCAA,87,11,7,G,174,11,14,N11
LP_48199 G-CUSTOM-366598.csv,Plate 2,H11,D-001210-02,siNEG,0,,0,UAAGGCUAUGAAGAGAUAC,88,11,8,H,324,21,4,D21
LP_48199 G-CUSTOM-366598.csv,Plate 3,A02,D-027133-02,SUDS3,64426,NM_022491,75677350,GUUCGAAGCUCGGAUAGAA,9,2,1,A,196,13,4,D13
LP_48199 G-CUSTOM-366598.csv,Plate 3,B02,D-014478-01,NUP85,79902,NM_024844,82880675,GGAUGUAGAUGUUUACUCU,10,2,2,B,131,9,3,C9
LP_48199 G-CUSTOM-366598.csv,Plate 3,C02,D-014987-01,PHF5A,84844,NM_032758,55925655,GCAAGUGUGUGAUUUGUGA,11,2,3,C,260,17,4,D17
LP_48199 G-CUSTOM-366598.csv,Plate 3,D02,D-018657-01,TDRD10,126668,NM_182499,148613863,UUAUACAGCUCGCUCCUAA,12,2,4,D,258,17,2,B17
LP_48199 G-CUSTOM-366598.csv,Plate 3,E02,D-031593-01,VMA21,203547,NM_001017980,144446225,CCUAUUGGGUUAUAUUUCA,13,2,5,E,33,3,1,A3
LP_48199 G-CUSTOM-366598.csv,Plate 3,F02,D-018075-01,CHMP4B,128866,NM_176812,40549398,GCAGAUCGACGGCACAUUA,14,2,6,F,26,2,10,J2
LP_48199 G-CUSTOM-366598.csv,Plate 3,G02,D-019849-01,KAT6A,7994,NM_006766,150378492,GAACAGCUAUCGAAUGACA,15,2,7,G,52,4,4,D4
LP_48199 G-CUSTOM-366598.csv,Plate 3,H02,D-013175-02,ABI3,51225,NM_016428,29337288,GGACUGGAUUCUUCCCUGG,16,2,8,H,319,20,15,O20
LP_48199 G-CUSTOM-366598.csv,Plate 3,A03,D-027133-04,SUDS3,64426,NM_022491,75677350,CGUGAUCAGUUCUGUAGGA,17,3,1,A,328,21,8,H21
LP_48199 G-CUSTOM-366598.csv,Plate 3,B03,D-014478-02,NUP85,79902,NM_024844,82880675,UGACUCGGCUCUUGUACUC,18,3,2,B,313,20,9,I20
LP_48199 G-CUSTOM-366598.csv,Plate 3,C03,D-014987-02,PHF5A,84844,NM_032758,55925655,GCAUAUGUGAUGAGUGUAA,19,3,3,C,10,1,10,J1
LP_48199 G-CUSTOM-366598.csv,Plate 3,D03,D-018657-02,TDRD10,126668,NM_182499,148613863,GCAGUCCCGUUGGAAAUGA,20,3,4,D,11,1,11,K1
LP_48199 G-CUSTOM-366598.csv,Plate 3,E03,D-031593-02,VMA21,203547,NM_001017980,144446225,GAAAGCUCAUUAGCAUCUA,21,3,5,E,206,13,14,N13
LP_48199 G-CUSTOM-366598.csv,Plate 3,F03,D-018075-02,CHMP4B,128866,NM_176812,40549398,GGACAUCGAUAAAGUUGAU,22,3,6,F,41,3,9,I3
LP_48199 G-CUSTOM-366598.csv,Plate 3,G03,D-019849-02,KAT6A,7994,NM_006766,150378492,GGAGUUGAGUGUUAAAGAU,23,3,7,G,216,14,8,H14
LP_48199 G-CUSTOM-366598.csv,Plate 3,H03,D-006783-03,PNKP,11284,NM_007254,31543418,GGACAGUGGCAGUGAAACA,24,3,8,H,280,18,8,H18
LP_48199 G-CUSTOM-366598.csv,Plate 3,A04,D-009624-01,FA2H,79152,NM_024306,33636751,GAAGACAGAUCCUGCUAUG,25,4,1,A,15,1,15,O1
LP_48199 G-CUSTOM-366598.csv,Plate 3,B04,D-014510-01,ATAT1,79969,NM_001031722,72534729,CGAGAACUCUUCCAGUAUA,26,4,2,B,263,17,7,G17
LP_48199 G-CUSTOM-366598.csv,Plate 3,C04,D-019083-01,MUM1,84939,NM_032853,31652258,UCGCUGAGCUACCGGGAAA,27,4,3,C,173,11,13,M11
LP_48199 G-CUSTOM-366598.csv,Plate 3,D04,D-003819-01,CTCFL,140690,NM_080618,29570784,UGAAAGAAGUGACGAAAUU,28,4,4,D,165,11,5,E11
LP_48199 G-CUSTOM-366598.csv,Plate 3,E04,D-015568-01,SUN3,256979,NM_152782,71834867,UGUCAAACUUGGUCAAUUA,29,4,5,E,122,8,10,J8
LP_48199 G-CUSTOM-366598.csv,Plate 3,F04,D-004978-01,LMNA,4000,NM_005572,153281091,GAAGGAGGGUGACCUGAUA,30,4,6,F,202,13,10,J13
LP_48199 G-CUSTOM-366598.csv,Plate 3,G04,D-007152-01,RNF168,165918,NM_152617,31377565,GGAAGUGGCUGAUGACUAU,31,4,7,G,80,5,16,P5
LP_48199 G-CUSTOM-366598.csv,Plate 3,H04,D-006783-04,PNKP,11284,NM_007254,31543418,GGAAACGGGUCGCCAUCGA,32,4,8,H,186,12,10,J12
LP_48199 G-CUSTOM-366598.csv,Plate 3,A05,D-009624-02,FA2H,79152,NM_024306,33636751,UCUAUGACAUGACCCAUUA,33,5,1,A,303,19,15,O19
LP_48199 G-CUSTOM-366598.csv,Plate 3,B05,D-014510-02,ATAT1,79969,NM_001031722,72534729,CAGAGUAACCGCCAUGUUG,34,5,2,B,239,15,15,O15
LP_48199 G-CUSTOM-366598.csv,Plate 3,C05,D-019083-02,MUM1,84939,NM_032853,31652258,CAAGUGUGCUAUACAUCGA,35,5,3,C,29,2,13,M2
LP_48199 G-CUSTOM-366598.csv,Plate 3,D05,D-003819-02,CTCFL,140690,NM_080618,29570784,GGAAAUACCACGAUGCAAA,36,5,4,D,154,10,10,J10
LP_48199 G-CUSTOM-366598.csv,Plate 3,E05,D-015568-02,SUN3,256979,NM_152782,71834867,UAAUCAAGCUUGCUACAAA,37,5,5,E,203,13,11,K13
LP_48199 G-CUSTOM-366598.csv,Plate 3,F05,D-004978-03,LMNA,4000,NM_005572,153281091,GAGCUGAAAGCGCGCAAUA,38,5,6,F,144,9,16,P9
LP_48199 G-CUSTOM-366598.csv,Plate 3,G05,D-007152-02,RNF168,165918,NM_152617,31377565,GAAAUUCUCUCGUCAACGU,39,5,7,G,314,20,10,J20
LP_48199 G-CUSTOM-366598.csv,Plate 3,H05,D-020374-01,RSF1,51773,NM_016578,38788332,GGAAAGACAUCUCUACUAU,40,5,8,H,271,17,15,O17
LP_48199 G-CUSTOM-366598.csv,Plate 3,A06,D-005798-08,BRCC3,79184,NM_024332,64762482,CAUAAUGGCUCAGUGUUUA,41,6,1,A,141,9,13,M9
LP_48199 G-CUSTOM-366598.csv,Plate 3,B06,D-014614-01,WDR61,80349,NM_025234,13376839,GCAAACAGAUAAAGUCCAU,42,6,2,B,140,9,12,L9
LP_48199 G-CUSTOM-366598.csv,Plate 3,C06,D-015702-01,ZNF276,92822,NM_152287,40805101,GAACCAAGAAUUCGGAAGA,43,6,3,C,276,18,4,D18
LP_48199 G-CUSTOM-366598.csv,Plate 3,D06,D-016672-01,CWF19L2,143884,NM_152434,22748918,GGAUUAAGCUGGCUAAGGA,44,6,4,D,37,3,5,E3
LP_48199 G-CUSTOM-366598.csv,Plate 3,E06,D-007167-01,SHPRH,257218,NM_173082,111548663,GCACAAAUCAGUCGUGUUA,45,6,5,E,237,15,13,M15
LP_48199 G-CUSTOM-366598.csv,Plate 3,F06,D-006836-01,SMC2,10592,NM_006444,110347417,GAGAAGAACUGGAAUAGAA,46,6,6,F,305,20,1,A20
LP_48199 G-CUSTOM-366598.csv,Plate 3,G06,D-017211-02,PSMA4,5685,NM_001102668,156713443,GCUCAAAGGUAUUUAUUAC,47,6,7,G,20,2,4,D2
LP_48199 G-CUSTOM-366598.csv,Plate 3,H06,D-020374-02,RSF1,51773,NM_016578,38788332,UAAAUGAUCUGGACAGUGA,48,6,8,H,39,3,7,G3
LP_48199 G-CUSTOM-366598.csv,Plate 3,A07,D-005798-09,BRCC3,79184,NM_024332,64762482,CGUCAGAAUUGUUCACAUU,49,7,1,A,22,2,6,F2
LP_48199 G-CUSTOM-366598.csv,Plate 3,B07,D-014614-02,WDR61,80349,NM_025234,13376839,GGUAUUCUCUUCAAACAAG,50,7,2,B,56,4,8,H4
LP_48199 G-CUSTOM-366598.csv,Plate 3,C07,D-015702-03,ZNF276,92822,NM_152287,40805101,ACACAGAGGUGCGGAACUA,51,7,3,C,150,10,6,F10
LP_48199 G-CUSTOM-366598.csv,Plate 3,D07,D-016672-02,CWF19L2,143884,NM_152434,22748918,GCUCAGGGCUCUUUGUGUA,52,7,4,D,294,19,6,F19
LP_48199 G-CUSTOM-366598.csv,Plate 3,E07,D-007167-02,SHPRH,257218,NM_173082,111548663,GAAGAAAUGUGGAACUGAA,53,7,5,E,43,3,11,K3
LP_48199 G-CUSTOM-366598.csv,Plate 3,F07,D-006836-02,SMC2,10592,NM_006444,110347417,GAACGACUCUACAAUGUUG,54,7,6,F,134,9,6,F9
LP_48199 G-CUSTOM-366598.csv,Plate 3,G07,D-017211-03,PSMA4,5685,NM_001102668,156713443,UAAAUAAGACCAUGGAUGU,55,7,7,G,332,21,12,L21
LP_48199 G-CUSTOM-366598.csv,Plate 3,H07,D-005111-01,PPARGC1A,10891,NM_013261,116284374,GAGAAUUCAUGGAGCAAUA,56,7,8,H,251,16,11,K16
LP_48199 G-CUSTOM-366598.csv,Plate 3,A08,D-005060-01,CHMP6,79643,NM_024591,52851447,UCACCCAGAUCGAAAUGAA,57,8,1,A,1,1,1,A1
LP_48199 G-CUSTOM-366598.csv,Plate 3,B08,D-026403-02,TAF3,83860,NM_031923,157909851,CCUCGGCUAUUAAGCACUA,58,8,2,B,71,5,7,G5
LP_48199 G-CUSTOM-366598.csv,Plate 3,C08,D-010751-01,CMTM5,116173,NM_138460,32130531,GGGUAGUUGCAGAGCUCCA,59,8,3,C,295,19,7,G19
LP_48199 G-CUSTOM-366598.csv,Plate 3,D08,D-016421-01,TMEM199,147007,NM_152464,22748978,GAAAGCAAGUGAGAUCAUU,60,8,4,D,110,7,14,N7
LP_48199 G-CUSTOM-366598.csv,Plate 3,E08,D-031917-01,KMT5A,387893,NM_020382,45356742,ACCCGUGGCUGAAGCAUUA,61,8,5,E,172,11,12,L11
LP_48199 G-CUSTOM-366598.csv,Plate 3,F08,D-007094-01,PCGF1,84759,NM_032673,109240537,GAACAAGUAUGUCCGAUGU,62,8,6,F,3,1,3,C1
LP_48199 G-CUSTOM-366598.csv,Plate 3,G08,D-017392-02,EYA1,2138,NM_172060,172072603,UAUAACAGCUCACCGUAUC,63,8,7,G,48,3,16,P3
LP_48199 G-CUSTOM-366598.csv,Plate 3,H08,D-005111-02,PPARGC1A,10891,NM_013261,116284374,CAAUGAGCCUUCAAACAUA,64,8,8,H,207,13,15,O13
LP_48199 G-CUSTOM-366598.csv,Plate 3,A09,D-005060-03,CHMP6,79643,NM_024591,52851447,CGCAAUCACUCAGGAACAA,65,9,1,A,16,1,16,P1
LP_48199 G-CUSTOM-366598.csv,Plate 3,B09,D-026403-03,TAF3,83860,NM_031923,157909851,CGACUGCGAUGACUGGUAC,66,9,2,B,325,21,5,E21
LP_48199 G-CUSTOM-366598.csv,Plate 3,C09,D-010751-02,CMTM5,116173,NM_138460,32130531,CUACAUGGCCGCGGCGCUA,67,9,3,C,21,2,5,E2
LP_48199 G-CUSTOM-366598.csv,Plate 3,D09,D-016421-02,TMEM199,147007,NM_152464,22748978,AGAAAGGGAUUCCAAACUA,68,9,4,D,24,2,8,H2
LP_48199 G-CUSTOM-366598.csv,Plate 3,E09,D-031917-02,KMT5A,387893,NM_020382,45356742,GCAACUAGAGAGACAAAUC,69,9,5,E,45,3,13,M3
LP_48199 G-CUSTOM-366598.csv,Plate 3,F09,D-007094-02,PCGF1,84759,NM_032673,109240537,CAGAGUGUCUUCAUACUUU,70,9,6,F,236,15,12,L15
LP_48199 G-CUSTOM-366598.csv,Plate 3,G09,D-017392-03,EYA1,2138,NM_172060,172072603,GGUCCUACGCCAACAGAUA,71,9,7,G,316,20,12,L20
LP_48199 G-CUSTOM-366598.csv,Plate 3,H09,D-020074-01,AFF1,4299,NM_005935,157168358,CCACAAAGCUUGAUGGUGA,72,9,8,H,293,19,5,E19
LP_48199 G-CUSTOM-366598.csv,Plate 3,A10,D-003983-01,KDM8,79831,NM_024773,13376122,CCACUGAGCUCUUCUACGA,73,10,1,A,242,16,2,B16
LP_48199 G-CUSTOM-366598.csv,Plate 3,B10,D-014800-01,KAT8,84148,NM_032188,14149874,GCAAAGACCAUAAGAUUUA,74,10,2,B,68,5,4,D5
LP_48199 G-CUSTOM-366598.csv,Plate 3,C10,D-022008-01,TDRD9,122402,NM_153046,42734387,GAAUUGACCUUCUUAGGAA,75,10,3,C,119,8,7,G8
LP_48199 G-CUSTOM-366598.csv,Plate 3,D10,D-008998-01,UBE2U,148581,NM_152489,22749026,GAAGUGGAAUACAAACUAU,76,10,4,D,28,2,12,L2
LP_48199 G-CUSTOM-366598.csv,Plate 3,E10,D-035618-13,RAD21L1,642636,XM_926105,113428787,GUAGAAAUAGUGACCGAAA,77,10,5,E,129,9,1,A9
LP_48199 G-CUSTOM-366598.csv,Plate 3,F10,D-030271-01,CHD8,57680,NM_020920,114326454,CGUAAUACCUCAUCUGAUA,78,10,6,F,149,10,5,E10
LP_48199 G-CUSTOM-366598.csv,Plate 3,G10,D-013175-01,ABI3,51225,NM_016428,29337288,GCACGCAGCUGUCAAGAAC,79,10,7,G,274,18,2,B18
LP_48199 G-CUSTOM-366598.csv,Plate 3,H10,D-020074-02,AFF1,4299,NM_005935,157168358,GCAGAAAGAGACUGUGAUA,80,10,8,H,91,6,11,K6
LP_48199 G-CUSTOM-366598.csv,Plate 3,A11,D-003983-02,KDM8,79831,NM_024773,13376122,GAAGUUGGUUCGAGGUACA,81,11,1,A,90,6,10,J6
LP_48199 G-CUSTOM-366598.csv,Plate 3,B11,D-014800-02,KAT8,84148,NM_032188,14149874,CAAGAUCACUCGCAACCAA,82,11,2,B,234,15,10,J15
LP_48199 G-CUSTOM-366598.csv,Plate 3,C11,D-022008-02,TDRD9,122402,NM_153046,42734387,GAAGCACGAUCUUGAAAGU,83,11,3,C,287,18,15,O18
LP_48199 G-CUSTOM-366598.csv,Plate 3,D11,D-008998-02,UBE2U,148581,NM_152489,22749026,GAAUACUGGUUAAAGAUGA,84,11,4,D,227,15,3,C15
LP_48199 G-CUSTOM-366598.csv,Plate 3,E11,D-035618-14,RAD21L1,642636,XM_926105,113428787,ACACAUGUGCUUAUGAGUA,85,11,5,E,279,18,7,G18
LP_48199 G-CUSTOM-366598.csv,Plate 3,F11,D-030271-02,CHD8,57680,NM_020920,114326454,GGUGAUCCCUUGAUGAUGA,86,11,6,F,289,19,1,A19
LP_48199 G-CUSTOM-366598.csv,Plate 3,G11,D-001210-01,siNEG,0,,0,UAGCGACUAAACACAUCAA,87,11,7,G,6,1,6,F1
LP_48199 G-CUSTOM-366598.csv,Plate 3,H11,D-001210-02,siNEG,0,,0,UAAGGCUAUGAAGAGAUAC,88,11,8,H,231,15,7,G15
LP_48199 G-CUSTOM-366598.csv,Plate 4,A02,D-012448-01,SETD2,29072,NM_014159,89111137,GAGAGGUACUCGAUCAUAA,9,2,1,A,277,18,5,E18
LP_48199 G-CUSTOM-366598.csv,Plate 4,B02,D-010285-01,LPCAT2,54947,NM_017839,8923445,GAAGAGUUCUCCACCAUUC,10,2,2,B,296,19,8,H19
LP_48199 G-CUSTOM-366598.csv,Plate 4,C02,D-015805-01,PHC3,80012,NM_024947,148612878,GAACAAACCUCCACAGGCU,11,2,3,C,269,17,13,M17
LP_48199 G-CUSTOM-366598.csv,Plate 4,D02,D-017603-01,ATAD2,29028,NM_014109,24497617,GAUCUAAUCUGUAGUAAUG,12,2,4,D,148,10,4,D10
LP_48199 G-CUSTOM-366598.csv,Plate 4,E02,D-018308-01,JADE2,23338,NM_015288,40556369,GGAAAUGCGGACUAUAUUA,13,2,5,E,106,7,10,J7
LP_48199 G-CUSTOM-366598.csv,Plate 4,F02,D-017636-02,AAAS,8086,NM_015665,151301094,CGACUGCUGUUCACUGUAU,14,2,6,F,336,21,16,P21
LP_48199 G-CUSTOM-366598.csv,Plate 4,G02,D-187551-13,JMJD7,100137047,NM_001114632,167860113,CGGAGCGAGUUACGAGAAU,15,2,7,G,268,17,12,L17
LP_48199 G-CUSTOM-366598.csv,Plate 4,H02,D-016459-02,TMEM19,55266,NM_018279,89145418,GGGUUCAGGUGUUCUGUAA,16,2,8,H,178,12,2,B12
LP_48199 G-CUSTOM-366598.csv,Plate 4,A03,D-012448-02,SETD2,29072,NM_014159,89111137,GCUCAGAGUUAACGUUUGA,17,3,1,A,51,4,3,C4
LP_48199 G-CUSTOM-366598.csv,Plate 4,B03,D-010285-02,LPCAT2,54947,NM_017839,8923445,CCAAUAAAGUCCGGAAUUU,18,3,2,B,121,8,9,I8
LP_48199 G-CUSTOM-366598.csv,Plate 4,C03,D-015805-02,PHC3,80012,NM_024947,148612878,CUACUCAGGUUCAGAAUUU,19,3,3,C,159,10,15,O10
LP_48199 G-CUSTOM-366598.csv,Plate 4,D03,D-017603-02,ATAD2,29028,NM_014109,24497617,GCACAGAAUUCUUCAGAUU,20,3,4,D,270,17,14,N17
LP_48199 G-CUSTOM-366598.csv,Plate 4,E03,D-018308-02,JADE2,23338,NM_015288,40556369,GAACGAAACACGCCAUCUG,21,3,5,E,128,8,16,P8
LP_48199 G-CUSTOM-366598.csv,Plate 4,F03,D-017636-17,AAAS,8086,NM_015665,151301094,CAAGGGUACAGGAUGGUAA,22,3,6,F,182,12,6,F12
LP_48199 G-CUSTOM-366598.csv,Plate 4,G03,D-187551-14,JMJD7,100137047,NM_001114632,167860113,UCUGGUAUGACAUGGAAUA,23,3,7,G,59,4,11,K4
LP_48199 G-CUSTOM-366598.csv,Plate 4,H03,D-019003-01,JAGN1,84522,NM_032492,190014600,GCAAGAAGCUCCUAGACUC,24,3,8,H,62,4,14,N4
LP_48199 G-CUSTOM-366598.csv,Plate 4,A04,D-008740-01,PTER,9317,NM_030664,20070185,AGGAAGAACUGUUGUAUUU,25,4,1,A,218,14,10,J14
LP_48199 G-CUSTOM-366598.csv,Plate 4,B04,D-020071-01,MFAP1,4236,NM_005926,50726967,GGAGAAAGCAGAAAUUGAA,26,4,2,B,291,19,3,C19
LP_48199 G-CUSTOM-366598.csv,Plate 4,C04,D-003518-01,NCOR1,9611,NM_006311,22538460,GAUCACAUCUGUCAAAUUA,27,4,3,C,162,11,2,B11
LP_48199 G-CUSTOM-366598.csv,Plate 4,D04,D-006534-01,ING2,3622,NM_001564,59814661,CAACAAAUAUCAAGAAACG,28,4,4,D,338,22,2,B22
LP_48199 G-CUSTOM-366598.csv,Plate 4,E04,D-019937-01,CHAF1B,8208,NM_005441,45827788,GCAAGAAGCUACCGGAUGU,29,4,5,E,266,17,10,J17
LP_48199 G-CUSTOM-366598.csv,Plate 4,F04,D-017869-01,CTDNEP1,23399,NM_015343,34222318,CAGAUAAACUGGACAAUAG,30,4,6,F,111,7,15,O7
LP_48199 G-CUSTOM-366598.csv,Plate 4,G04,D-006448-02,HLTF,6596,NM_139048,117968479,UAAAGGAGAUAGUCCAUUA,31,4,7,G,320,20,16,P20
LP_48199 G-CUSTOM-366598.csv,Plate 4,H04,D-019003-02,JAGN1,84522,NM_032492,190014600,CUACGUACAUCUGGUCAUA,32,4,8,H,278,18,6,F18
LP_48199 G-CUSTOM-366598.csv,Plate 4,A05,D-008740-02,PTER,9317,NM_030664,20070185,CAAAGAACCUAUCGUGAUG,33,5,1,A,42,3,10,J3
LP_48199 G-CUSTOM-366598.csv,Plate 4,B05,D-020071-02,MFAP1,4236,NM_005926,50726967,GCUCAGGUCGCACCAAAUA,34,5,2,B,339,22,3,C22
LP_48199 G-CUSTOM-366598.csv,Plate 4,C05,D-003518-02,NCOR1,9611,NM_006311,22538460,GAACGUGGCUCUCAAAGUU,35,5,3,C,310,20,6,F20
LP_48199 G-CUSTOM-366598.csv,Plate 4,D05,D-006534-02,ING2,3622,NM_001564,59814661,GAACGAGCCUCAGAUAAAG,36,5,4,D,188,12,12,L12
LP_48199 G-CUSTOM-366598.csv,Plate 4,E05,D-019937-02,CHAF1B,8208,NM_005441,45827788,GAAAAGCCAUCGUGGAAUU,37,5,5,E,179,12,3,C12
LP_48199 G-CUSTOM-366598.csv,Plate 4,F05,D-017869-02,CTDNEP1,23399,NM_015343,34222318,GGUACGAGCUGGUGGUGUU,38,5,6,F,235,15,11,K15
LP_48199 G-CUSTOM-366598.csv,Plate 4,G05,D-006448-03,HLTF,6596,NM_139048,117968479,GAACAACACUGAUCAUCUG,39,5,7,G,100,7,4,D7
LP_48199 G-CUSTOM-366598.csv,Plate 4,H05,D-015514-01,CHMP7,91782,NM_152272,63029931,GGAGGUGUAUCGUCUGUAU,40,5,8,H,27,2,11,K2
LP_48199 G-CUSTOM-366598.csv,Plate 4,A06,D-008008-01,ITGAM,3684,NM_000632,88501733,GAACAACCCUAACCCAAGA,41,6,1,A,18,2,2,B2
LP_48199 G-CUSTOM-366598.csv,Plate 4,B06,D-006445-01,PIAS4,51588,NM_015897,24850132,CAACCUCACUCACCUCAUG,42,6,2,B,261,17,5,E17
LP_48199 G-CUSTOM-366598.csv,Plate 4,C06,D-010980-01,GOSR2,9570,NM_054022,60499002,ACGAAUCACUGCAGUUUAA,43,6,3,C,248,16,8,H16
LP_48199 G-CUSTOM-366598.csv,Plate 4,D06,D-004072-01,HDAC10,83933,NM_032019,20070353,GGACCGCGCUUGUGUACCA,44,6,4,D,120,8,8,H8
LP_48199 G-CUSTOM-366598.csv,Plate 4,E06,D-015459-01,NDC1,55706,NM_018087,37059744,GCGCAAACCUGCUUAAAUG,45,6,5,E,65,5,1,A5
LP_48199 G-CUSTOM-366598.csv,Plate 4,F06,D-004746-05,RANBP2,5903,NM_006267,150418006,CGAAACAGCUGUCAAGAAA,46,6,6,F,200,13,8,H13
LP_48199 G-CUSTOM-366598.csv,Plate 4,G06,D-015234-01,PHF20,51230,NM_016436,110735447,GGAAAGAGGGCUUGCAUGA,47,6,7,G,195,13,3,C13
LP_48199 G-CUSTOM-366598.csv,Plate 4,H06,D-015514-02,CHMP7,91782,NM_152272,63029931,GGUAACAAAUGGCUUAGAU,48,6,8,H,317,20,13,M20
LP_48199 G-CUSTOM-366598.csv,Plate 4,A07,D-008008-02,ITGAM,3684,NM_000632,88501733,GGAAUGUAUUUGAGUGUAA,49,7,1,A,55,4,7,G4
LP_48199 G-CUSTOM-366598.csv,Plate 4,B07,D-006445-02,PIAS4,51588,NM_015897,24850132,CAAGACAGGUGGAGUUGAU,50,7,2,B,114,8,2,B8
LP_48199 G-CUSTOM-366598.csv,Plate 4,C07,D-010980-03,GOSR2,9570,NM_054022,60499002,GAUCCAGUCUUGCAUGGGA,51,7,3,C,214,14,6,F14
LP_48199 G-CUSTOM-366598.csv,Plate 4,D07,D-004072-02,HDAC10,83933,NM_032019,20070353,CCACUGGCCUUUGAGUUUG,52,7,4,D,181,12,5,E12
LP_48199 G-CUSTOM-366598.csv,Plate 4,E07,D-015459-02,NDC1,55706,NM_018087,37059744,GAGGAUAGUUGCAAGUAUU,53,7,5,E,171,11,11,K11
LP_48199 G-CUSTOM-366598.csv,Plate 4,F07,D-004746-06,RANBP2,5903,NM_006267,150418006,GAAAGAAGGUCACUGGGAU,54,7,6,F,187,12,11,K12
LP_48199 G-CUSTOM-366598.csv,Plate 4,G07,D-015234-02,PHF20,51230,NM_016436,110735447,GAGGAUGGAUCUUCUGAAU,55,7,7,G,61,4,13,M4
LP_48199 G-CUSTOM-366598.csv,Plate 4,H07,D-018801-01,TMEM86B,255043,NM_173804,31560865,CCUAUGGGCUGAUCCUGAU,56,7,8,H,108,7,12,L7
LP_48199 G-CUSTOM-366598.csv,Plate 4,A08,D-023422-01,ASXL3,80816,NM_030632,149944525,UCAGAAGGCUCUAGAAAUA,57,8,1,A,337,22,1,A22
LP_48199 G-CUSTOM-366598.csv,Plate 4,B08,D-018507-01,TDRD5,163589,NM_173533,40255177,GGACAUCUCUGUUGUGUAA,58,8,2,B,138,9,10,J9
LP_48199 G-CUSTOM-366598.csv,Plate 4,C08,D-010993-01,AIRE,326,NM_000658,4557292,GAAGAAUGAGGACGAGUGU,59,8,3,C,109,7,13,M7
LP_48199 G-CUSTOM-366598.csv,Plate 4,D08,D-026772-17,TRIM66,9866,NM_014818,209977096,CGGCAUUAUUACCAGAUUA,60,8,4,D,74,5,10,J5
LP_48199 G-CUSTOM-366598.csv,Plate 4,E08,D-004702-02,KPNA2,3838,NM_002266,62388891,GAAAUGAGGCGUCGCAGAA,61,8,5,E,245,16,5,E16
LP_48199 G-CUSTOM-366598.csv,Plate 4,F08,D-014862-01,PHF6,84295,NM_032335,63478059,UGAAAGUCUUGGUGGAUUU,62,8,6,F,292,19,4,D19
LP_48199 G-CUSTOM-366598.csv,Plate 4,G08,D-006377-01,BRD8,10902,NM_006696,34452704,GCACAAGUUUGAAAUGUCA,63,8,7,G,192,12,16,P12
LP_48199 G-CUSTOM-366598.csv,Plate 4,H08,D-018801-02,TMEM86B,255043,NM_173804,31560865,GGGCAGACCCUGAAGACUC,64,8,8,H,81,6,1,A6
LP_48199 G-CUSTOM-366598.csv,Plate 4,A09,D-023422-02,ASXL3,80816,NM_030632,149944525,CCAAUUAGCUGCUCAGAAA,65,9,1,A,189,12,13,M12
LP_48199 G-CUSTOM-366598.csv,Plate 4,B09,D-018507-02,TDRD5,163589,NM_173533,40255177,GAAAUAAGGUCACUUCUCA,66,9,2,B,158,10,14,N10
LP_48199 G-CUSTOM-366598.csv,Plate 4,C09,D-010993-02,AIRE,326,NM_000658,4557292,GUGCUGCGGUGUACUCACU,67,9,3,C,175,11,15,O11
LP_48199 G-CUSTOM-366598.csv,Plate 4,D09,D-026772-18,TRIM66,9866,NM_014818,209977096,GCACAGAGGAACACCGACA,68,9,4,D,153,10,9,I10
LP_48199 G-CUSTOM-366598.csv,Plate 4,E09,D-004702-03,KPNA2,3838,NM_002266,62388891,GAAGCUACGUGGACAAUGU,69,9,5,E,78,5,14,N5
LP_48199 G-CUSTOM-366598.csv,Plate 4,F09,D-014862-02,PHF6,84295,NM_032335,63478059,GAAGAUACCAGGUCCACAU,70,9,6,F,232,15,8,H15
LP_48199 G-CUSTOM-366598.csv,Plate 4,G09,D-006377-02,BRD8,10902,NM_006696,34452704,GAAGAAUCAGGGACUAUUU,71,9,7,G,201,13,9,I13
LP_48199 G-CUSTOM-366598.csv,Plate 4,H09,D-010346-02,CDY2A,9426,NM_004825,25453482,GAAAGGGUAUAGUGGUAUU,72,9,8,H,273,18,1,A18
LP_48199 G-CUSTOM-366598.csv,Plate 4,A10,D-020709-01,KDM4D,55693,NM_018039,39653316,GGAAGAACCGCAUCUAUAA,73,10,1,A,155,10,11,K10
LP_48199 G-CUSTOM-366598.csv,Plate 4,B10,D-006317-01,DOLK,22845,NM_014908,7662481,GAGAUCCGCUGGCCUGGAA,74,10,2,B,299,19,11,K19
LP_48199 G-CUSTOM-366598.csv,Plate 4,C10,D-006071-01,USP21,27005,NM_012475,21265127,GUACAAAGAUUCCCUCGAA,75,10,3,C,136,9,8,H9
LP_48199 G-CUSTOM-366598.csv,Plate 4,D10,D-006530-03,MECOM,2122,NM_005241,157364942,UAGCAUAUCUUCUAACUUG,76,10,4,D,197,13,5,E13
LP_48199 G-CUSTOM-366598.csv,Plate 4,E10,D-003486-01,EP300,2033,NM_001429,50345996,GAAAUUAGGUUACACAACA,77,10,5,E,255,16,15,O16
LP_48199 G-CUSTOM-366598.csv,Plate 4,F10,D-011536-01,BANF1,8815,NM_001143985,221316572,GGGAAUGGCUGAAAGACAC,78,10,6,F,9,1,9,I1
LP_48199 G-CUSTOM-366598.csv,Plate 4,G10,D-016459-01,TMEM19,55266,NM_018279,89145418,GCAAGCACCUAUUAUGGUA,79,10,7,G,194,13,2,B13
LP_48199 G-CUSTOM-366598.csv,Plate 4,H10,D-010346-17,CDY2A,9426,NM_004825,25453482,GCUAUCAACUAGAUCGACA,80,10,8,H,321,21,1,A21
LP_48199 G-CUSTOM-366598.csv,Plate 4,A11,D-020709-02,KDM4D,55693,NM_018039,39653316,AGAGAGACCUAUGAUAAUA,81,11,1,A,85,6,5,E6
LP_48199 G-CUSTOM-366598.csv,Plate 4,B11,D-006317-02,DOLK,22845,NM_014908,7662481,CUACAGUUAUGCUUGGAUU,82,11,2,B,281,18,9,I18
LP_48199 G-CUSTOM-366598.csv,Plate 4,C11,D-006071-02,USP21,27005,NM_012475,21265127,GAACCUGAGUUAAGUGAUG,83,11,3,C,104,7,8,H7
LP_48199 G-CUSTOM-366598.csv,Plate 4,D11,D-006530-04,MECOM,2122,NM_005241,157364942,GAAUCUGGCUUCAAUAAAU,84,11,4,D,306,20,2,B20
LP_48199 G-CUSTOM-366598.csv,Plate 4,E11,D-003486-02,EP300,2033,NM_001429,50345996,GGACUACCCUAUCAAGUAA,85,11,5,E,301,19,13,M19
LP_48199 G-CUSTOM-366598.csv,Plate 4,F11,D-011536-02,BANF1,8815,NM_001143985,221316572,GUGCGACGCCUUCUUGUGA,86,11,6,F,246,16,6,F16
LP_48199 G-CUSTOM-366598.csv,Plate 4,G11,D-001210-01,siNEG,0,,0,UAGCGACUAAACACAUCAA,87,11,7,G,14,1,14,N1
LP_48199 G-CUSTOM-366598.csv,Plate 4,H11,D-001210-02,siNEG,0,,0,UAAGGCUAUGAAGAGAUAC,88,11,8,H,204,13,12,L13
LP_48199 G-CUSTOM-366598.csv,Plate 5,A02,D-021582-01,METTL21C,196541,NM_001010977,58293778,GCAAACAAAUUCAGGUUCA,9,2,1,A,47,3,15,O3
LP_48199 G-CUSTOM-366598.csv,Plate 5,B02,D-026287-02,WAPL,23063,NM_015045,93102362,GCAAACACAUGGAGGAUUG,10,2,2,B,113,8,1,A8
LP_48199 G-CUSTOM-366598.csv,Plate 5,A03,D-021582-02,METTL21C,196541,NM_001010977,58293778,UCAGGAGCAUUAUCGGUUU,17,3,1,A,177,12,1,A12
LP_48199 G-CUSTOM-366598.csv,Plate 5,B03,D-026287-03,WAPL,23063,NM_015045,93102362,GAAGGAGACUUUUCAAUAA,18,3,2,B,25,2,9,I2
LP_48199 G-CUSTOM-366598.csv,Plate 5,A04,D-013800-01,COPRS,55352,NM_018405,24475639,GAACAGCCUGGCGAUCUUU,25,4,1,A,256,16,16,P16
LP_48199 G-CUSTOM-366598.csv,Plate 5,B04,D-003323-05,SKP1,6500,NM_170679,160420326,GGAGAGAUAUUUGAAGUUG,26,4,2,B,143,9,15,O9
LP_48199 G-CUSTOM-366598.csv,Plate 5,A05,D-013800-02,COPRS,55352,NM_018405,24475639,GAGCUUAAACCUUGGGUGU,33,5,1,A,112,7,16,P7
LP_48199 G-CUSTOM-366598.csv,Plate 5,B05,D-003323-08,SKP1,6500,NM_170679,160420326,UCAAUUAAGUUGCAGAGUU,34,5,2,B,160,10,16,P10
LP_48199 G-CUSTOM-366598.csv,Plate 5,A06,D-005327-01,GSG2,83903,NM_031965,56790918,GAACCAAGUUGUCUUCCUU,41,6,1,A,238,15,14,N15
LP_48199 G-CUSTOM-366598.csv,Plate 5,B06,D-019646-01,GTF2F1,2962,NM_002096,156104890,GCAAGAUGAUCAACGACAA,42,6,2,B,257,17,1,A17
LP_48199 G-CUSTOM-366598.csv,Plate 5,A07,D-005327-02,GSG2,83903,NM_031965,56790918,GCAAAUGACCGGCCUGAUU,49,7,1,A,164,11,4,D11
LP_48199 G-CUSTOM-366598.csv,Plate 5,B07,D-019646-02,GTF2F1,2962,NM_002096,156104890,GAGAACACGUCCUACUACA,50,7,2,B,88,6,8,H6
LP_48199 G-CUSTOM-366598.csv,Plate 5,A08,D-003283-06,ORC1,4998,NM_004153,31795543,UAAGAAACGUGCUCGAGUA,57,8,1,A,213,14,5,E14
LP_48199 G-CUSTOM-366598.csv,Plate 5,B08,D-004444-01,DPF2,5977,NM_006268,21536317,AGAGAAAGCUUCCAUCUAC,58,8,2,B,180,12,4,D12
LP_48199 G-CUSTOM-366598.csv,Plate 5,A09,D-003283-07,ORC1,4998,NM_004153,31795543,GAGAUCACCUCACCUUCUA,65,9,1,A,198,13,6,F13
LP_48199 G-CUSTOM-366598.csv,Plate 5,B09,D-004444-02,DPF2,5977,NM_006268,21536317,UUACAAUGCUCGCCUCUGU,66,9,2,B,46,3,14,N3
LP_48199 G-CUSTOM-366598.csv,Plate 5,A10,D-005055-01,KAT2B,8850,NM_003884,6382075,GAACAGAAGCUCCAGGAUA,73,10,1,A,98,7,2,B7
LP_48199 G-CUSTOM-366598.csv,Plate 5,B10,D-001210-01,siNEG,0,,0,UAGCGACUAAACACAUCAA,74,10,2,B,169,11,9,I11
LP_48199 G-CUSTOM-366598.csv,Plate 5,A11,D-005055-02,KAT2B,8850,NM_003884,6382075,GCAAUUGGAUACUUUAAGA,81,11,1,A,142,9,14,N9
LP_48199 G-CUSTOM-366598.csv,Plate 5,B11,D-001210-02,siNEG,0,,0,UAAGGCUAUGAAGAGAUAC,82,11,2,B,217,14,9,I14
